place_id,name,latitude,longitude,rating,user_ratings_total,location_score,success_label,daily_footfall,footfall_category,monthly_revenue,profitability,index_right,cell_id,distance_to_cell_center,center_lat,center_lon,competitor_count,nearest_m,road_density_km,major_dist_m,commercial_rent_per_sqft,rental_zone,tier,confidence,locality,locality_dist_m,total_population,ward_id,ward_name,ward_zone,ward_dist_m,footfall_generator_count,nearest_generator_m,transit_stop_count,nearest_transit_m,avg_monthly_income,property_price_sqft,purchasing_power_index,income_tier,distance_to_city_center,rent_to_income_ratio,transit_accessibility_score,footfall_accessibility_score,competition_density,market_saturation,connectivity_score,main_category,mixed_use_score,repeat_customer_potential,convenience_score,premium_service_potential,services_market_opportunity
ChIJrRWoLy7HwjsRYGwZ8jBEi7Y,Yogin Belva,18.596625,73.9306014,4.4,80,88.0,1,10,Medium,39600,Low,3055,cell_3055,0.0016087791697582,18.59806626745477,73.93131618566079,6,0.0,30204.894572781945,2.330573284532875,13.55,East Pune,Grade C,Low,Lohegaon-Wagholi Road,96.89220097567886,84619,PMC_19,Lohegaon,PMC,1365.9343960192057,1,542.6711018588394,1,486.3463645432278,45000.0,5000.0,57.69,Unknown,11681.077853364006,0.0006303359340926,0.6727906925700404,0.6482263126566974,0.0700779032691341,0.6341221107811328,30134.663531018166,services,1.0000856012100374,84.619,30135.336321710736,2596050.0,12088.42857142857
ChIJp1vK4kjAwjsRAF2kRTNxVY8,Lucky star Salon - Best salon in MG Road Camp,18.5139337,73.8796985,4.3,58,86.0,1,10,Medium,38700,Low,2386,cell_2386,0.0024381879714486,18.51290455695171,73.88190884503422,11,0.0,23839.11552815798,0.0,13.81,Pune,Grade C,Low,manjari farm,2632.711286035037,76984,PMC_23,Camp,PMC,340.9779259087518,1,0.0,1,556.5369581275154,45000.0,5000.0,57.69,Unknown,2785.592027720287,0.0006303359340926,0.6424518189423405,1.0,0.1410545752974969,1.2646003862779365,23839.11552815798,services,1.0003588612864933,76.984,23839.757979976923,2596050.0,6415.333333333333
ChIJpWU9myS_wjsRT1jkG0Y06_8,Fahrenheit Salon,18.5544087,73.80472,4.0,287,80.0,1,23,High,82800,Low,1393,cell_1393,0.0013649450467455,18.555490723395064,73.80555204588406,7,0.0,36497.27066260516,60.51117023271095,28.14,West Pune,Grade B,Medium,Aundh Gaon,162.07631629239768,92644,PMC_1,Aundh,PMC,162.07631629239768,1,44.9024872193113,1,159.96231290325522,45000.0,5000.0,57.69,Unknown,6655.954257025796,0.0006303359340926,0.8620969740793668,0.9570271027502236,0.0747511853402246,0.681968746346596,34414.7913638632,services,1.0001502188480482,92.644,34415.65346083728,2596050.0,11580.5
ChIJHQAAALS_wjsRyyADt-p6XKI,Asia Institute of Hair Transplant,18.50253259999999,73.81555019999999,4.9,496,98.0,1,49,High,216090,Medium,1499,cell_1499,0.0021131747462469,18.504386050814137,73.81453519872525,1,0.0,22234.695579475178,0.0,28.31,Central Pune,Grade B,Low,left bhusari colony Kothrud,521.3302118017453,97187,PMC_4,Kothrud,PMC,521.3302118017453,1,0.0,1,0.0,45000.0,5000.0,57.69,Unknown,4789.243753122626,0.0006303359340926,1.0,1.0,0.0101846476621141,0.0932948958362488,22234.695579475178,services,1.0002087576439818,97.187,22235.695579475178,2596050.0,48593.5
ChIJmy3-p2XAwjsR6yCptXWJ5j4,Lucky Star,18.5520447,73.89750219999999,4.0,142,80.0,1,11,High,39600,Low,2572,cell_2572,0.0022689439391715,18.55123258441366,73.89538357429602,9,0.0,10762.73468359661,0.0,34.97,East Pune,Grade A,High,Kalyani Nagar,1001.8566050363024,80082,PMC_21,Kalyani Nagar,PMC,784.8625636360207,1,111.19123275158928,1,395.7059399494051,45000.0,5000.0,57.69,Unknown,5327.89756467522,0.0006303359340926,0.7164833016589801,0.8999351061506741,0.1109987420142571,0.9990897182566996,10762.73468359661,services,1.0001876560748004,80.082,10763.451166898269,2596050.0,8008.2
ChIJmUzidnjqwjsRA6lo5e6EDso,Sherie's Salon - Best Ladies Hair Salon in Wanowrie | Best Curly Hairstylist Pune | Best Hair Colour Salon Pune,18.4875428,73.8989406,4.7,279,94.0,1,26,High,109980,Low,2616,cell_2616,0.0009546847135665,18.487347767027387,73.89987515071661,17,0.0,15248.60536757038,777.324106135985,25.36,South Pune,Grade B,High,Wanowrie,821.433321188204,76204,PMC_11,Wanowrie,PMC,0.0,1,0.0,1,37.35614773933776,25000.0,3000.0,45.72,Low,5850.994926669622,0.0010143594256229,0.9639890814540923,1.0,0.2201958447748821,1.972066261426384,8579.529932062764,services,1.0001708818979733,76.204,8580.493921144218,1143000.0,4233.555555555556
ChIJn96Xx_3AwjsRtd7KxDD-wtM,Cut Inc. | Best Salon in Koregaon Park,18.5395921,73.8863507,4.1,14,82.0,1,10,Low,36900,Low,2451,cell_2451,0.0011356586405303,18.538457530335,73.88640042145481,8,0.0,19393.359952756084,0.0,43.59,Central Pune,Grade A,High,Koregaon Park,796.4986716191845,79703,PMC_22,Koregaon Park,PMC,796.4986716191845,1,0.0,1,79.6230894003675,45000.0,5000.0,57.69,Unknown,3719.8039455566727,0.0006303359340926,0.926249178827223,1.0,0.0991289047495136,0.8918319342719865,19393.359952756084,services,1.0002687591215855,79.703,19394.286201934912,2596050.0,8855.888888888889
ChIJ9Yw2ruq_wjsRjcPfsQ6gNS8,Four Fountains De-Stress Spa and Le Miroir Salon,18.5029071,73.8183279,4.4,559,88.0,1,50,High,198000,Low,1558,cell_1558,0.0016357634242487,18.504386050814137,73.81902677514584,13,0.0,32377.555069050304,0.0,28.31,Central Pune,Grade B,Low,left bhusari colony Kothrud,1016.2066872946408,97187,PMC_4,Kothrud,PMC,1016.2066872946408,2,0.0,2,0.0,45000.0,5000.0,57.69,Unknown,4353.161579869637,0.0006303359340926,2.0,2.0,0.1324004196074837,1.2128336458712343,32377.555069050304,services,2.000229665340079,97.187,32379.555069050304,2596050.0,6941.928571428572
ChIJVVVV5WzAwjsRRQG0YH1naVs,Midas Touch Hair & Beauty Institute Hair Course Skin Course Make up Course,18.5091186,73.8572502,4.7,53,94.0,1,10,Medium,42300,Low,2090,cell_2090,0.0022510700855555,18.508645356879995,73.85945096293122,7,0.0,40284.34594810247,0.0,35.2,Central Pune,Grade A,Medium,Sadashiv Peth,624.13780382101,84660,PMC_36,Tilak Road,PMC,167.55528348777443,1,0.0,1,251.78646747161437,45000.0,5000.0,57.69,Unknown,1338.85495413079,0.0006303359340926,0.7988582925167915,1.0,0.0817184216670558,0.7394886963870696,40284.34594810247,services,1.0007463494439581,84.66,40285.14480639499,2596050.0,10582.5
ChIJi0hPQsG_wjsRP4HtZ0wtqfU,Meshail unisex salon & spa kothrud,18.5026734,73.81695979999999,4.2,827,84.0,1,71,High,268380,Medium,1558,cell_1558,0.0026843172436831,18.504386050814137,73.81902677514584,13,0.0,32377.555069050304,0.0,28.31,Central Pune,Grade B,Low,left bhusari colony Kothrud,1016.2066872946408,97187,PMC_4,Kothrud,PMC,1016.2066872946408,2,0.0,2,0.0,45000.0,5000.0,57.69,Unknown,4353.161579869637,0.0006303359340926,2.0,2.0,0.1324004196074837,1.2128336458712343,32377.555069050304,services,2.000229665340079,97.187,32379.555069050304,2596050.0,6941.928571428572
ChIJj09BlI2_wjsReRmPtKdA1f0,Lee's Beauty Centre & Spa,18.5102173,73.83382180000001,4.4,192,88.0,1,17,High,67320,Low,1736,cell_1736,0.0020528481735748,18.508645356879995,73.83250150440765,11,0.0,35650.23617720867,0.0,34.5,Central Pune,Grade A,Low,Deccan Gymkhana,1082.637694132594,78493,PMC_35,Sadashiv Peth,PMC,1586.6720178644932,2,0.0,2,0.0,45000.0,5000.0,57.69,Unknown,2866.7881877978525,0.0006303359340926,2.0,2.0,0.1383769640094096,1.2430361723526155,35650.23617720867,services,2.0003487007876855,78.493,35652.23617720867,2596050.0,6541.083333333333
ChIJeZ1y5HDAwjsRgZLgdVymWB4,Image,18.5134774,73.8496483,2.4,5,48.0,0,10,Low,21600,Low,1973,cell_1973,0.0009998729647557,18.51290455695171,73.85046781009004,66,0.0,31215.05966831131,114.49228548817337,35.2,Central Pune,Grade A,Medium,Sadashiv Peth,0.0,78493,PMC_35,Sadashiv Peth,PMC,0.0,4,0.0,3,0.0,45000.0,5000.0,78.49,Medium,1061.3411217880528,0.0007822048398924,3.0,4.0,0.8302617840564579,7.458217034115693,28008.322780483308,services,4.000941317228045,78.493,28011.322780483308,3532050.0,1171.5373134328358
ChIJLcfcF1q-wjsRD1U3hWEF2w4,Sagar Men's Parlour,18.5167257,73.7816078,3.9,257,78.0,0,20,High,70200,Low,1089,cell_1089,0.0015495413435671,18.51716365100839,73.78309416378107,13,0.0,18432.651105861165,725.7888013729826,15.59,West Pune,Grade C,Low,old vitthal mandir bavdhan,839.1262762807573,92410,PMC_3,Bavdhan,PMC,896.1937490215059,1,0.0,1,890.6411718942691,45000.0,5000.0,57.69,Unknown,7769.132739986415,0.0006303359340926,0.5289210955868908,1.0,0.1391713949255968,1.2694072844448785,10680.7108095711,services,1.0001286979300692,92.41,10681.239730666686,2596050.0,6600.714285714285
ChIJeeH9ccG_wjsRklxMaCo0BlU,Serenity Hair and Beauté (kothrud),18.498436,73.81465899999999,4.7,444,94.0,1,42,High,177660,Low,1498,cell_1498,0.0016951655445122,18.500126638775043,73.81453519872525,25,0.0,37021.2154072276,0.0,28.31,Central Pune,Grade B,Low,left bhusari colony Kothrud,790.9433865426234,91381,PMC_5,Karve Nagar,PMC,724.2564868891834,1,0.0,3,0.0,45000.0,5000.0,57.69,Unknown,4984.8177363730265,0.0006303359340926,3.0,1.0,0.2706184172070014,2.4659452954695653,37021.2154072276,services,1.000200568904215,91.381,37024.2154072276,2596050.0,3514.653846153846
ChIJ35evTEjAwjsRsuAzTrzQ0Zo,Hongkong Ladies Hair Dressers-Bridal Makeup Artist In Pune,18.51703269999999,73.8794683,3.8,123,76.0,0,10,High,34200,Low,2328,cell_2328,0.0020552075113096,18.51716365100839,73.87741726861361,63,0.0,33379.849148776884,0.0,13.81,Pune,Grade C,Low,manjari farm,2060.3375048009416,76984,PMC_23,Camp,PMC,215.3166116764769,2,0.0,1,499.3433406394906,45000.0,5000.0,57.69,Unknown,2213.815644218686,0.0006303359340926,0.6669586430907054,2.0,0.8078580221583915,7.24271130322818,33379.849148776884,services,2.000451504847643,76.984,33380.51610741997,2596050.0,1202.875
ChIJXQPjfNfBwjsRVlN2VVM0IMU,Skin Glow Salon,18.49149299999999,73.9003529,4.9,91,98.0,1,10,Medium,44100,Low,2617,cell_2617,0.0004912778327038,18.49160749686076,73.89987515071661,49,0.0,33124.96148072439,1019.0797815434418,25.36,South Pune,Grade B,High,Wanowrie,897.3578459279532,76204,PMC_11,Wanowrie,PMC,455.1463894373737,1,0.0,1,172.3373067507055,45000.0,5000.0,57.69,Unknown,5565.640009165178,0.0006303359340926,0.852996824584247,1.0,0.6346821408217191,5.684190988817225,16405.969582540583,services,1.0001796415788256,76.204,16406.82257936517,2596050.0,1524.08
ChIJ3yKaNxDBwjsR3DXVmPS387c,Lakme Salon Kalyani Nagar - For Him & Her,18.5467724,73.9019137,4.6,1030,92.0,1,97,High,401579,Medium,2630,cell_2630,0.0020485269422449,18.54697433922927,73.89987515071661,12,0.0,17678.696000232685,366.28440490271794,51.83,East Pune,Premium,Low,kalyani nagar,454.0790015710518,80082,PMC_21,Kalyani Nagar,PMC,275.9678163025528,1,499.663329328876,1,400.4798863299445,45000.0,5000.0,57.69,Unknown,5426.890992561773,0.0006303359340926,0.7140409582179504,0.6668163316679327,0.1479983226856762,1.332119624342266,12939.25037627246,services,1.0001842336187978,80.082,12939.964417230676,2596050.0,6160.153846153846
ChIJb8HXEDK_wjsRSzwGt8Ff-rA,Sybarite Salon And Academy,18.5668218,73.80767329999999,4.8,1116,96.0,1,110,High,475200,Medium,1396,cell_1396,0.002565367560127,18.56826450291265,73.80555204588406,8,0.0,13479.818796729818,70.09188067656733,21.3,West Pune,Grade B,Low,Aundh Road,837.9236837076023,92644,PMC_1,Aundh,PMC,837.9236837076023,1,0.0,1,260.7897337959148,45000.0,5000.0,57.69,Unknown,7576.372265660174,0.0006303359340926,0.7931536664636825,1.0,0.0854299261031139,0.7793928529675382,12596.879800832785,services,1.0001319718716384,92.644,12597.672954499249,2596050.0,10293.777777777777
ChIJs7Ynn0LAwjsRjH8Fya_I-94,Vama,18.517497,73.86574399999999,3.2,6,64.0,0,10,Low,28800,Low,2151,cell_2151,0.0018320431264307,18.51716365100839,73.86394253935183,25,0.0,40679.36881886009,195.67293783570457,13.81,Pune,Grade C,Low,manjari farm,571.2120933642157,90903,PMC_9,Bhavani Peth,PMC,0.0,4,0.0,1,23.062032253015783,25000.0,3000.0,54.54,Low,844.1793610398721,0.0005523779048838,0.9774578358633564,4.0,0.2720259403936759,2.4776270279377224,34022.15399513356,services,4.0011831808088285,90.903,34023.13145296942,1363500.0,3496.269230769231
ChIJKRgxgT3qwjsRTunWRNz2KOk,Sherie's Salon - Best Ladies Salon Pune | Best Wedding Makeup Artist in Pune | Best Salon in Undri | Hair Highlights,18.4660578,73.9209659,4.6,149,92.0,1,14,High,57959,Low,2906,cell_2906,0.0013671713940303,18.466047529934773,73.9223330328196,6,0.0,22653.238037121577,1265.5336232052553,16.0,South Pune,Grade C,Low,Undri Chowck,491.0933377485736,78826,PMC_39,Mohammadwadi,PMC,2214.7415868476137,1,37.91173297888599,1,1270.0531818677784,45000.0,5000.0,57.69,Unknown,9188.552726876938,0.0006303359340926,0.4405183138384491,0.9634730663752336,0.0751634805702402,0.6754779006146849,9999.073862815594,services,1.000108819224365,78.826,9999.514381129433,2596050.0,11260.857142857143
ChIJoV4u1nu_wjsRuRY_zS-2Kz0,Le Snip Hair Salon,18.5336738,73.8337469,3.9,53,78.0,0,10,Medium,35100,Low,1742,cell_1742,0.0013515954311242,18.53419896666687,73.83250150440765,5,0.0,36424.09887408793,0.0,25.56,Central Pune,Grade B,Low,Shivajinagar,1355.945872625559,89957,PMC_7,Shivajinagar,PMC,1427.4296188040344,1,0.0,1,0.0,45000.0,5000.0,57.69,Unknown,2977.14824194031,0.0006303359340926,1.0,1.0,0.0549710302670492,0.5002150924897706,36424.09887408793,services,1.0003357791213738,89.957,36425.09887408793,2596050.0,14992.833333333334
ChIJn8MUS0TAwjsREns38fQX2Pk,C3 Unisex Beauty Salon,18.5157815,73.8742141,4.3,100,86.0,1,10,High,38700,Low,2269,cell_2269,0.0018895332987494,18.51716365100839,73.87292569219302,17,0.0,25098.56819190351,36.54765973192868,13.81,Pune,Grade C,Low,manjari farm,1561.651318635103,76984,PMC_23,Camp,PMC,267.67380019740665,1,0.0,1,381.4857479549919,45000.0,5000.0,57.69,Unknown,1748.230936879996,0.0006303359340926,0.7238583542973905,1.0,0.217993434550677,1.9543824151568103,24213.61715137583,services,1.0005716798044881,76.984,24214.341009730128,2596050.0,4276.888888888889
ChIJp7xVLXS_wjsRQiAi3XxrlVs,DARPAN BEAUTY PARLOUR,18.5298167,73.8235679,4.8,357,96.0,1,35,High,151200,Low,1623,cell_1623,0.0001331586866521,18.529940296879264,73.82351835156645,12,0.0,42512.2598966836,445.579125338051,34.5,Central Pune,Grade A,Low,Deccan Gymkhana,2247.018648057462,89957,PMC_7,Shivajinagar,PMC,2419.624892006628,1,294.43562522158027,1,145.111660271883,45000.0,5000.0,57.69,Unknown,3655.7510719319366,0.0006303359340926,0.8732772835118724,0.7725374522420309,0.1319304726409182,1.2005162219754495,29408.46277559662,services,1.000273466796161,89.957,29409.33605288013,2596050.0,6919.7692307692305
ChIJr4Un_36_wjsRL04FzEE2iGg,TOTALLY TWISTED SALON,18.5314411,73.8389224,4.8,130,96.0,1,12,High,51840,Low,1800,cell_1800,0.0024443163612238,18.529940296879264,73.83699308082824,29,0.0,38108.9020891075,229.86528420619197,25.56,Central Pune,Grade B,Low,Shivajinagar,841.7012484520674,89957,PMC_7,Shivajinagar,PMC,919.6248920066282,1,85.15858868975192,1,0.0,45000.0,5000.0,57.69,Unknown,2332.910813453896,0.0006303359340926,1.0,0.921524291861732,0.3188319755488857,2.90124753644067,30986.24099606537,services,1.0004284653870386,89.957,30987.24099606537,2596050.0,2998.5666666666666
ChIJe9S13WvAwjsRLGQI6_rj21E,Rajasthan Beauty Parlour & Institute,18.515818,73.85480199999999,4.8,764,96.0,1,75,High,324000,Medium,2033,cell_2033,0.0013548236601541,18.51716365100839,73.85495938651064,43,0.0,31523.98956191264,0.0,27.93,Pune,Grade B,Low,Adarsh Colony,129.94228923227638,76262,PMC_25,Budhwar Peth,PMC,0.0,1,0.0,7,0.0,25000.0,3000.0,45.76,Low,403.9614139690335,0.0011171553137874,7.0,1.0,0.5565478501721416,4.984813707078435,31523.98956191264,services,1.0024693710697001,76.262,31530.98956191264,1144000.0,1733.2272727272727
ChIJK85DyXbAwjsRb86fa7aGtxI,K SALONS PROFESSIONALS,18.51869659999999,73.8499815,4.8,872,96.0,1,86,High,371520,Medium,1974,cell_1974,0.001608238202049,18.51716365100839,73.85046781009004,24,0.0,26529.252017792267,115.51867721685348,27.93,Pune,Grade B,Low,Adarsh Colony,462.39774028027296,76233,PMC_24,Kasba Peth,PMC,288.1900104028486,1,28.646591966040432,5,0.0,45000.0,5000.0,57.69,Unknown,749.1927868021841,0.0006303359340926,5.0,0.9721511817666276,0.3107479963228153,2.7831572599816776,23781.988199409647,services,1.001332990689317,76.233,23786.988199409647,2596050.0,3049.32
ChIJRTgT4G3AwjsR4kj1qx7LjE0,Glorious Beauty Salon,18.5119979,73.85490879999999,3.8,23,76.0,0,10,Medium,34200,Low,2032,cell_2032,0.0009080670807508,18.51290455695171,73.85495938651064,39,0.0,31763.303887426395,0.0,35.2,Central Pune,Grade A,Medium,Sadashiv Peth,123.96519574057312,84660,PMC_36,Tilak Road,PMC,196.6287027155049,1,61.54022856429219,4,0.0,45000.0,5000.0,57.69,Unknown,853.4225550933536,0.0006303359340926,4.0,0.942027417418251,0.4552883492878823,4.120008451299388,31763.303887426395,services,1.0011703810884192,84.66,31767.303887426395,2596050.0,2116.5
ChIJwYolbV3AwjsRup9xG8740UA,Shivangi Beauty Spa & Salon ( Only for her ),18.5212578,73.8665535,3.8,4,76.0,0,10,Low,34200,Low,2211,cell_2211,0.001887826154339,18.521422639029137,73.86843411577242,8,0.0,29666.22162483493,0.0,13.81,Pune,Grade C,Low,manjari farm,1056.235792694613,76264,PMC_26,Rasta Peth,PMC,46.15624894108623,4,0.0,4,0.0,45000.0,5000.0,57.69,Unknown,1242.4117255784138,0.0006303359340926,4.0,4.0,0.1035411058190101,0.9273856997125104,29666.22162483493,services,4.000804238836927,76.264,29670.22162483493,2596050.0,8473.777777777777
ChIJEYIWrkPAwjsR-a0YwQ2BqIU,Heena Beauty Salon,18.5164111,73.86875189999999,3.7,73,74.0,0,10,Medium,33300,Low,2210,cell_2210,0.0008168964656087,18.51716365100839,73.86843411577242,16,0.0,36114.52636875551,0.0,13.81,Pune,Grade C,Low,manjari farm,1064.1987823241216,76264,PMC_26,Rasta Peth,PMC,0.0,1,0.0,1,135.43658846709877,25000.0,3000.0,45.76,Low,1288.486620308971,0.0005523779048838,0.8807184920384277,1.0,0.2070822116380203,1.8547713994250208,36114.52636875551,services,1.000775502424182,76.264,36115.40708724755,1144000.0,4486.117647058823
ChIJzcIQkXjAwjsRDCeN-b0Uhvs,Urvashi Beauty Parlour,18.5206615,73.84307079999999,4.0,203,80.0,1,16,High,57600,Low,1857,cell_1857,0.0017593127773948,18.521422639029137,73.84148465724884,35,0.0,25108.640039033373,0.0,34.5,Central Pune,Grade A,Low,Deccan Gymkhana,304.4313115887344,89693,PMC_8,Ghole Road,PMC,857.6852776550958,1,0.0,1,282.6256085615605,45000.0,5000.0,57.69,Unknown,1608.268319396917,0.0006303359340926,0.7796507362124793,1.0,0.3859173254826723,3.5107780887324083,25108.640039033373,services,1.0006214004140557,89.693,25109.419689769584,2596050.0,2491.472222222222
ChIJmcFTGXPAwjsRcHnBWpK9Kuw,The Looks,18.5083778,73.8502914,3.9,103,78.0,0,10,High,35100,Low,1972,cell_1972,0.0003204796466204,18.508645356879995,73.85046781009004,34,0.0,31202.785987957413,105.92600252924429,35.2,Central Pune,Grade A,Medium,Sadashiv Peth,14.67762456741184,78493,PMC_35,Sadashiv Peth,PMC,14.67762456741184,2,0.0,1,317.2800366555397,45000.0,5000.0,57.69,Unknown,1462.9440357842566,0.0006303359340926,0.7591400250313621,2.0,0.4277106160290843,3.842111805453539,28214.171578023197,services,2.0006830862215743,78.493,28214.93071804823,2596050.0,2242.657142857143
ChIJEzdmEoa_wjsRG1Ys2XyztLc,Sheela's Beauty Clinique and Institute,18.5179828,73.841687,4.2,88,84.0,1,10,Medium,37800,Low,1856,cell_1856,0.0008437699090388,18.51716365100839,73.84148465724884,62,0.0,31662.197907667734,0.0,34.5,Central Pune,Grade A,Low,Deccan Gymkhana,0.0,78493,PMC_35,Sadashiv Peth,PMC,761.3423745681699,8,0.0,5,0.0,45000.0,5000.0,57.69,Unknown,1644.1301139125392,0.0006303359340926,5.0,8.0,0.7799428880530361,7.006203880532924,31662.197907667734,services,8.000607854656323,78.493,31667.197907667734,2596050.0,1245.920634920635
ChIJU-7FGPjBwjsR7xJNCFcVm4g,"LTA School Of Beauty - Makeup, Hair, Skin & CIDESCO Courses in PUNE",18.5263065,73.8425036,4.6,456,92.0,1,43,High,178020,Low,1858,cell_1858,0.0011953422477495,18.52568152099306,73.84148465724884,16,0.0,23667.61106367873,0.0,25.56,Central Pune,Grade B,Low,Shivajinagar,457.3387491121322,89957,PMC_7,Shivajinagar,PMC,547.028490113255,4,0.0,1,432.3540110794469,45000.0,5000.0,57.69,Unknown,1708.3407925032668,0.0006303359340926,0.6981514292310897,4.0,0.1759072968545576,1.600688295967266,23667.61106367873,services,4.000585020848028,89.957,23668.30921510796,2596050.0,5291.588235294118
ChIJYQI5vVDAwjsRVSAP_FE7dxU,"Lakme Salon For Him and Her in Camp,Pune",18.5246434,73.8779437,4.6,1190,92.0,1,112,High,463679,Medium,2330,cell_2330,0.0011639695875808,18.52568152099306,73.87741726861361,7,0.0,16563.31519359881,241.7893480121673,43.59,Central Pune,Grade A,High,Koregaon Park,2048.659119718587,76264,PMC_26,Rasta Peth,PMC,967.269521293119,1,4.5292131109163165,3,0.0,45000.0,5000.0,57.69,Unknown,2261.887415906908,0.0006303359340926,3.0,0.9954912081681628,0.0905984675916338,0.8114624872484466,13338.26483542724,services,1.0004419132798965,76.264,13341.26483542724,2596050.0,9533.0
ChIJ57RCuXbAwjsRomoTjtV7Ww0,Vaishalii internatiional,18.5139612,73.83491289999999,3.9,13,78.0,0,10,Low,35100,Low,1796,cell_1796,0.0023331624053406,18.51290455695171,73.83699308082824,5,0.0,36065.67151084551,0.0,34.5,Central Pune,Grade A,Low,Deccan Gymkhana,383.2807033263226,78493,PMC_35,Sadashiv Peth,PMC,1086.6041281968355,4,0.0,2,0.0,45000.0,5000.0,57.69,Unknown,2238.790902710085,0.0006303359340926,2.0,4.0,0.0628986200042771,0.5650164419784616,36065.67151084551,services,4.000446470248089,78.493,36067.67151084551,2596050.0,13082.166666666666
ChIJyXiOWPW_wjsR9D6R7xbQqa4,4Mulletion Unisex Salon,18.5050666,73.83999279999999,4.8,367,96.0,1,36,High,155520,Low,1853,cell_1853,0.0016397515803704,18.504386050814137,73.84148465724884,4,0.0,42165.72007257189,76.30376237317559,35.2,Central Pune,Grade A,Medium,Sadashiv Peth,1016.036434141988,78493,PMC_35,Sadashiv Peth,PMC,780.3828934873467,1,62.06830145139247,1,352.9672035259997,45000.0,5000.0,57.69,Unknown,2396.797467911598,0.0006303359340926,0.7391162161166039,0.9415590302746332,0.0503188960034216,0.4520131535827693,39176.412409447854,services,1.0004170494019542,78.493,39177.15152566397,2596050.0,15698.6
ChIJNSpl8Y6_wjsRJ7KkZxxuEUc,MKAY Skin & Hair Salon,18.5123702,73.83362770000001,4.6,161,92.0,1,15,High,62099,Low,1737,cell_1737,0.0012465367479939,18.51290455695171,73.83250150440765,4,0.0,45554.76770721043,32.876276605254574,34.5,Central Pune,Grade A,Low,Deccan Gymkhana,852.3706285093793,78493,PMC_35,Sadashiv Peth,PMC,1586.6041281968355,1,0.0,1,33.05100396303909,45000.0,5000.0,57.69,Unknown,2684.131691434878,0.0006303359340926,0.9680064161050642,1.0,0.0503188960034216,0.4520131535827693,44104.767181733405,services,1.0003724212124083,78.493,44105.73518814951,2596050.0,15698.6
ChIJYWXFp2XAwjsRoVMPW0ffPvA,Supriya`s Spa and Salon,18.5139612,73.8312196,4.2,20,84.0,1,10,Medium,37800,Low,1737,cell_1737,0.0016612565851931,18.51290455695171,73.83250150440765,4,0.0,45554.76770721043,32.876276605254574,34.5,Central Pune,Grade A,Low,Deccan Gymkhana,852.3706285093793,78493,PMC_35,Sadashiv Peth,PMC,1586.6041281968355,1,0.0,1,33.05100396303909,45000.0,5000.0,57.69,Unknown,2684.131691434878,0.0006303359340926,0.9680064161050642,1.0,0.0503188960034216,0.4520131535827693,44104.767181733405,services,1.0003724212124083,78.493,44105.73518814951,2596050.0,15698.6
ChIJm48XEpC_wjsRiw7zYmdQFx8,Rahul Phate's Innovation,18.5145073,73.82892,3.8,60,76.0,0,10,Medium,34200,Low,1678,cell_1678,0.001843099657534,18.51290455695171,73.82800992798704,1,0.0,31256.35645865104,0.0,34.5,Central Pune,Grade A,Low,Deccan Gymkhana,1343.9372303603425,97187,PMC_4,Kothrud,PMC,2049.5490878371497,2,0.0,1,0.0,45000.0,5000.0,57.69,Unknown,3137.7550881296584,0.0006303359340926,1.0,2.0,0.0101846476621141,0.0932948958362488,31256.35645865104,services,2.000318597651592,97.187,31257.35645865104,2596050.0,48593.5
ChIJ_QrRuVnAwjsRApT6v7NYlRE,Metro,18.527791,73.8755278,2.0,4,40.0,0,10,Low,18000,Low,2330,cell_2330,0.0028319592727553,18.52568152099306,73.87741726861361,7,0.0,16563.31519359881,241.7893480121673,43.59,Central Pune,Grade A,High,Koregaon Park,2048.659119718587,76264,PMC_26,Rasta Peth,PMC,967.269521293119,1,4.5292131109163165,3,0.0,45000.0,5000.0,57.69,Unknown,2261.887415906908,0.0006303359340926,3.0,0.9954912081681628,0.0905984675916338,0.8114624872484466,13338.26483542724,services,1.0004419132798965,76.264,13341.26483542724,2596050.0,9533.0
ChIJFXtgRk_AwjsRet377ZrnSz8,Cleopatra Hair & Beauty Studio,18.5151235,73.8785412,4.5,59,90.0,1,10,Medium,40500,Low,2328,cell_2328,0.0023292569412436,18.51716365100839,73.87741726861361,63,0.0,33379.849148776884,0.0,13.81,Pune,Grade C,Low,manjari farm,2060.3375048009416,76984,PMC_23,Camp,PMC,215.3166116764769,2,0.0,1,499.3433406394906,45000.0,5000.0,57.69,Unknown,2213.815644218686,0.0006303359340926,0.6669586430907054,2.0,0.8078580221583915,7.24271130322818,33379.849148776884,services,2.000451504847643,76.984,33380.51610741997,2596050.0,1202.875
ChIJocXA1R7AwjsRKtGft5GOWNc,"Sejal's International Academy of Beauty, Hair and Make-Up",18.4897644,73.8623772,4.8,8,96.0,1,10,Low,43200,Low,2145,cell_2145,0.0024181177234628,18.49160749686076,73.86394253935183,8,0.0,35399.06279962227,331.72901436220855,35.2,Central Pune,Grade A,Medium,Sadashiv Peth,2306.9945149843325,76550,PMC_28,Parvati,PMC,633.5074891801527,1,0.0,1,705.5545021401603,45000.0,5000.0,57.69,Unknown,3291.403786704539,0.0006303359340926,0.5863195803741141,1.0,0.1031592520954223,0.924321201617562,26581.28073944201,services,1.0003037294526382,76.55,26581.867059022385,2596050.0,8505.555555555555
ChIJqxXw9_7AwjsRPUoShv8Kksk,Beauty Temple the Family Salon and Academy,18.5359312,73.8860525,4.6,110,92.0,1,10,High,41400,Low,2450,cell_2450,0.0017668281351385,18.53419896666687,73.88640042145481,8,0.0,17147.037667486817,0.0,43.59,Central Pune,Grade A,High,Koregaon Park,796.3562973206863,79703,PMC_22,Koregaon Park,PMC,796.3562973206863,3,0.0,1,413.655796601437,45000.0,5000.0,57.69,Unknown,3487.091488810043,0.0006303359340926,0.7073857741071731,3.0,0.0991289047495136,0.8918319342719865,17147.037667486817,services,3.0002866897279525,79.703,17147.745053260925,2596050.0,8855.888888888889
ChIJV4xJNDC_wjsR0rQXS7zvYvM,Innovation Care Hair and Skin clinic,18.5607565,73.8036801,4.8,322,96.0,1,31,High,133920,Low,1394,cell_1394,0.0021259654406425,18.55974875615261,73.80555204588406,46,0.0,26484.245481581056,424.9337432709125,28.14,West Pune,Grade B,Medium,Aundh Gaon,0.0,92644,PMC_1,Aundh,PMC,0.0,4,0.0,1,214.052808299946,75000.0,8000.0,138.97,High,6944.066916949037,0.0003751949974,0.8236873990681781,4.0,0.491222075092905,4.481508904563345,18586.299613332823,services,4.000143987093567,92.644,18587.12330073189,10422750.0,1971.1489361702127
ChIJ0ZaHnR3AwjsRrcaymLaG3EI,Stylishious Cosmetology Studio,18.484778,73.8566575,4.9,27,98.0,1,10,Medium,44100,Low,2025,cell_2025,0.0023958133521926,18.483087931304407,73.85495938651064,12,0.0,34544.445818121014,0.0,20.02,South Pune,Grade B,Medium,Dhankawadi,2164.043895950548,76550,PMC_28,Parvati,PMC,385.2459627040662,1,0.0,1,640.9272753733029,45000.0,5000.0,57.69,Unknown,4152.970650592859,0.0006303359340926,0.6094115290834597,1.0,0.1547388781431334,1.386481802426343,34544.445818121014,services,1.0002407335256105,76.55,34545.0552296501,2596050.0,5888.461538461538
ChIJxW3rGeu_wjsRp8aqsIXvWSo,"Juice Salon - Skin, Hair & Nail Salon in Kothrud",18.5021043,73.8220171,4.7,2087,94.0,1,201,High,850230,High,1616,cell_1616,0.0024829217036526,18.500126638775043,73.82351835156645,17,0.0,22579.4838665368,192.24547875743175,27.84,Central Pune,Grade B,High,Karve Nagar,1161.705049034208,91381,PMC_5,Karve Nagar,PMC,552.1676129731463,1,384.369983388111,1,192.50847486464116,45000.0,5000.0,57.69,Unknown,4162.106290907836,0.0006303359340926,0.8385684639377575,0.7223502474046695,0.1840205237007609,1.6768428009193044,18938.619830262916,services,1.0002402052530304,91.381,18939.458398726852,2596050.0,5076.722222222223
ChIJgzIe9L2_wjsR0tpHOmBAzlg,Habib Hair and Beauty Salon,18.5101321,73.817774,4.2,2294,84.0,1,197,High,744660,High,1559,cell_1559,0.0019441838058486,18.508645356879995,73.81902677514584,15,0.0,34280.41875549171,0.0,28.31,Central Pune,Grade B,Low,left bhusari colony Kothrud,1010.8908415650948,97187,PMC_4,Kothrud,PMC,1010.8908415650948,2,0.0,3,0.0,45000.0,5000.0,57.69,Unknown,4181.774129601961,0.0006303359340926,3.0,2.0,0.1527697149317119,1.399423437543732,34280.41875549171,services,2.000239075782965,97.187,34283.41875549171,2596050.0,6074.1875
ChIJBx8szL-_wjsRDVap8KOE9CE,Medi Hair creations,18.5062296,73.8173237,4.2,381,84.0,1,32,High,120960,Low,1558,cell_1558,0.0025098084694015,18.504386050814137,73.81902677514584,13,0.0,32377.555069050304,0.0,28.31,Central Pune,Grade B,Low,left bhusari colony Kothrud,1016.2066872946408,97187,PMC_4,Kothrud,PMC,1016.2066872946408,2,0.0,2,0.0,45000.0,5000.0,57.69,Unknown,4353.161579869637,0.0006303359340926,2.0,2.0,0.1324004196074837,1.2128336458712343,32377.555069050304,services,2.000229665340079,97.187,32379.555069050304,2596050.0,6941.928571428572
ChIJAyYMSeq_wjsRBwxKhM8AC6w,"Habib's Hair, Beauty & Nail Salon, City Pride, Kothrud",18.4992792,73.8208715,4.4,544,88.0,1,49,High,194040,Low,1557,cell_1557,0.0020300645962562,18.500126638775043,73.81902677514584,3,0.0,17108.639713938057,0.1054911999833311,27.84,Central Pune,Grade B,High,Karve Nagar,1171.0655264075413,91381,PMC_5,Karve Nagar,PMC,551.3333467834163,1,53.3456917158328,1,31.671642945429767,45000.0,5000.0,57.69,Unknown,4567.4356770554095,0.0006303359340926,0.9693006557251036,0.9493559501544682,0.0324742100648401,0.2959134354563478,17106.83509337614,services,1.0002188933084957,91.381,17107.804394031864,2596050.0,22845.25
ChIJJ0elXcC_wjsRFopWAZl7wuM,SCHON UNISEX SALON,18.4900375,73.8260245,3.7,151,74.0,0,11,High,36630,Low,1673,cell_1673,0.0025311685906917,18.49160749686076,73.82800992798704,2,0.0,30765.696012217697,48.74821830096423,27.84,Central Pune,Grade B,High,Karve Nagar,387.5755382086511,91381,PMC_5,Karve Nagar,PMC,530.3416140154004,1,338.7254948918404,1,215.7687900897581,45000.0,5000.0,57.69,Unknown,4404.783114362916,0.0006303359340926,0.822524815698034,0.7469791259042191,0.0216494733765601,0.1972756236375652,29335.636023353625,services,1.0002269744047863,91.381,29336.458548169325,2596050.0,30460.333333333332
ChIJKeMMzP3AwjsRNjajzHGHBXo,H2O,18.537202,73.8988712,4.4,1097,88.0,1,99,High,392040,Medium,2628,cell_2628,0.0016075675610928,18.538457530335,73.89987515071661,48,0.0,14412.900786754532,1051.7724448603046,43.59,Central Pune,Grade A,High,Koregaon Park,204.19975330482853,79703,PMC_22,Koregaon Park,PMC,204.19975330482853,1,643.9009972726926,1,606.2812154646249,45000.0,5000.0,57.69,Unknown,4975.16258277518,0.0006303359340926,0.6225559947862211,0.6083091388465888,0.5947734284970819,5.3509916056319184,7024.6097820734885,services,1.0002009580642444,79.703,7025.232338068275,2596050.0,1626.591836734694
ChIJPTbvXdm_wjsRSrnZfOOmx08,Salon Apple Karve Nagar [Men] | Best Salon in Karvenagar,18.4915016,73.8220599,4.7,716,94.0,1,69,High,291870,Medium,1614,cell_1614,0.0014622910506454,18.49160749686076,73.82351835156645,34,0.0,42340.15474948775,406.1527069549501,27.84,Central Pune,Grade B,High,Karve Nagar,161.70504903420806,91381,PMC_5,Karve Nagar,PMC,30.34161401540041,1,115.630016611889,1,0.0,45000.0,5000.0,57.69,Unknown,4742.574048252598,0.0006303359340926,1.0,0.8963545127953338,0.3680410474015219,3.3536856018386088,30110.63772808584,services,1.0002108115083328,91.381,30111.63772808584,2596050.0,2610.885714285714
ChIJZ8G3rue_wjsRJCdEvKbr_Bo,Salon Apple Karve Nagar [Women] | Best Salon in Karvenagar,18.4913673,73.8214271,4.7,2090,94.0,1,201,High,850230,High,1614,cell_1614,0.0021050006285315,18.49160749686076,73.82351835156645,34,0.0,42340.15474948775,406.1527069549501,27.84,Central Pune,Grade B,High,Karve Nagar,161.70504903420806,91381,PMC_5,Karve Nagar,PMC,30.34161401540041,1,115.630016611889,1,0.0,45000.0,5000.0,57.69,Unknown,4742.574048252598,0.0006303359340926,1.0,0.8963545127953338,0.3680410474015219,3.3536856018386088,30110.63772808584,services,1.0002108115083328,91.381,30111.63772808584,2596050.0,2610.885714285714
ChIJd-dMgM_BwjsRGWgKDusnO-4,Green Mens Parlour,18.5031415,73.90002,4.2,34,84.0,1,10,Medium,37800,Low,2620,cell_2620,0.0012529517324554,18.504386050814137,73.89987515071661,19,0.0,13548.23467625867,0.0,25.36,South Pune,Grade B,High,Wanowrie,2034.4502899852223,76204,PMC_11,Wanowrie,PMC,1955.1463894373735,5,0.0,1,827.6626932492945,45000.0,5000.0,57.69,Unknown,4888.299369650712,0.0006303359340926,0.5471469126626197,5.0,0.2461012382778094,2.2040740568883117,13548.23467625867,services,5.000204528281947,76.204,13548.781823171332,2596050.0,3810.2
ChIJVURGDiS_wjsRx8vRfqeJ0XE,Dr Daga's Health Care & Research Centre Pvt Ltd,18.5544648,73.8017067,2.7,7,54.0,0,10,Low,24300,Low,1334,cell_1334,0.0012124902964072,18.555490723395064,73.80106046946347,1,0.0,23214.725387003084,0.0,28.14,West Pune,Grade B,Medium,Aundh Gaon,462.7603331809866,92644,PMC_1,Aundh,PMC,441.97540649941953,1,208.64754893956703,1,9.782896352000536,45000.0,5000.0,57.69,Unknown,7045.050586416744,0.0006303359340926,0.9903118815070616,0.8273710569118115,0.0106787407628892,0.0974241066209422,23214.725387003084,services,1.0001419234772353,92.644,23215.71569888459,2596050.0,46322.0
ChIJIanf-QPBwjsRZeE3iYAeLsI,The O Spa,18.5405028,73.88808999999999,3.8,13,76.0,0,10,Low,34200,Low,2451,cell_2451,0.0026528859121551,18.538457530335,73.88640042145481,8,0.0,19393.359952756084,0.0,43.59,Central Pune,Grade A,High,Koregaon Park,796.4986716191845,79703,PMC_22,Koregaon Park,PMC,796.4986716191845,1,0.0,1,79.6230894003675,45000.0,5000.0,57.69,Unknown,3719.8039455566727,0.0006303359340926,0.926249178827223,1.0,0.0991289047495136,0.8918319342719865,19393.359952756084,services,1.0002687591215855,79.703,19394.286201934912,2596050.0,8855.888888888889
ChIJOf5qWlfAwjsRlM4_OLJ5RxQ,Svahaa spa@ Central park Hotel,18.5280999,73.8719215,3.9,24,78.0,0,10,Medium,35100,Low,2272,cell_2272,0.0020965358651187,18.529940296879264,73.87292569219302,2,0.0,14685.05472422302,0.0,13.81,Pune,Grade C,Low,manjari farm,1782.9386592169128,76264,PMC_26,Rasta Peth,PMC,1087.8607581081017,1,38.93060742225498,5,0.0,45000.0,5000.0,57.69,Unknown,2012.9469294349983,0.0006303359340926,5.0,0.9625281927935034,0.0258852764547525,0.2318464249281276,14685.05472422302,services,1.0004965374138635,76.264,14690.05472422302,2596050.0,25421.333333333332
ChIJS0gsPEHBwjsRBYANvGGebYg,Aroma Thai,18.561931,73.9167749,3.8,113,76.0,0,10,High,34200,Low,2870,cell_2870,0.0023336668742156,18.564006682665436,73.91784145639899,59,0.0,17540.23447803498,38.85469431826366,32.2,East Pune,Grade A,High,Viman Nagar,252.45435461429423,88586,PMC_15,Vadgaon Sheri,PMC,197.01190678449348,2,0.0,1,503.2998487643612,45000.0,5000.0,57.69,Unknown,8065.874315070006,0.0006303359340926,0.6652032865046524,2.0,0.6585850467707008,5.984622563041406,16884.20389681692,services,2.000123963751131,88.586,16884.869100103428,2596050.0,1476.4333333333334
ChIJeyAt12HAwjsRJ5BznGh4p8o,Diya Health Spa,18.5301307,73.862538,2.8,21,56.0,0,10,Medium,25199,Low,2154,cell_2154,0.0014173863761197,18.529940296879264,73.86394253935183,2,0.0,8930.721303390652,0.0,13.81,Pune,Grade C,Low,manjari farm,1032.6658109674092,76264,PMC_26,Rasta Peth,PMC,1065.4179847831372,1,0.0,1,0.0,45000.0,5000.0,57.69,Unknown,1307.079881542419,0.0006303359340926,1.0,1.0,0.0258852764547525,0.2318464249281276,8930.721303390652,services,1.000764479305974,76.264,8931.721303390652,2596050.0,25421.333333333332
ChIJ9YiD5BHAwjsR9RX9uyEPI-o,Pharaoh's Health Club,18.5001065,73.8540652,4.1,177,82.0,1,14,High,51660,Low,2029,cell_2029,0.0008944132635909,18.500126638775043,73.85495938651064,2,0.0,14996.99171112656,0.0,35.2,Central Pune,Grade A,Medium,Sadashiv Peth,1022.22211458777,83867,PMC_34,Dattawadi,PMC,665.0823994181138,3,0.0,1,21.562396159395576,45000.0,5000.0,57.69,Unknown,2261.753853989062,0.0006303359340926,0.9788927272181708,3.0,0.0235662860711466,0.2130674251867003,14996.99171112656,services,3.000441939364389,83.867,14997.970603853779,2596050.0,27955.666666666668
ChIJ98nv5RrAwjsRT9aY8RJE95A,The Orchid Villa,18.4930558,73.8555805,4.7,20,94.0,1,10,Medium,42300,Low,2027,cell_2027,0.0015758692679917,18.49160749686076,73.85495938651064,31,0.0,34841.978187198205,20.071212015183367,35.2,Central Pune,Grade A,Medium,Sadashiv Peth,2018.4878747930716,76550,PMC_28,Parvati,PMC,114.7540372959338,2,0.0,1,317.9950681934133,45000.0,5000.0,57.69,Unknown,3206.836894161961,0.0006303359340926,0.7587281805012428,2.0,0.3997421018697614,3.581744656268053,34156.41749007578,services,2.0003117365480207,76.55,34157.17621825628,2596050.0,2392.1875
ChIJq9AHmv7AwjsRK5VJS_3ltug,Conrad Pune,18.5353548,73.8834007,4.6,18717,92.0,1,1769,High,7323659,High,2391,cell_2391,0.0018872153912283,18.53419896666687,73.88190884503422,5,0.0,10736.691515917628,0.0,43.59,Central Pune,Grade A,High,Koregaon Park,1296.3562973206865,79703,PMC_22,Koregaon Park,PMC,1296.3562973206865,2,0.0,1,0.0,45000.0,5000.0,57.69,Unknown,3068.925310956696,0.0006303359340926,1.0,2.0,0.061955565468446,0.5573949589199916,10736.691515917628,services,2.000325740823867,79.703,10737.691515917628,2596050.0,13283.833333333334
ChIJ0_ccDXe_wjsR4omC4STcnnE,The Nature Spa and Hamam,18.533621,73.8269179,4.0,191,80.0,1,15,High,54000,Low,1683,cell_1683,0.0012355446541896,18.53419896666687,73.82800992798704,36,0.0,22969.22741752345,0.0,25.56,Central Pune,Grade B,Low,Shivajinagar,1852.1043323588324,89957,PMC_7,Shivajinagar,PMC,1925.4039079231293,1,0.0,1,2.0798713974654675,45000.0,5000.0,57.69,Unknown,3391.758671557585,0.0006303359340926,0.9979244454889958,1.0,0.3957914179227547,3.6015486659263485,22969.22741752345,services,1.0002947453965363,89.957,22970.225341968937,2596050.0,2431.2702702702704
ChIJ8w8G1v3AwjsRImXe2r4GcWw,"Jiva Spa At Blue Diamond, Pune",18.5382317,73.88639789999999,4.5,30,90.0,1,10,Medium,40500,Low,2451,cell_2451,0.0002258444109104,18.538457530335,73.88640042145481,8,0.0,19393.359952756084,0.0,43.59,Central Pune,Grade A,High,Koregaon Park,796.4986716191845,79703,PMC_22,Koregaon Park,PMC,796.4986716191845,1,0.0,1,79.6230894003675,45000.0,5000.0,57.69,Unknown,3719.8039455566727,0.0006303359340926,0.926249178827223,1.0,0.0991289047495136,0.8918319342719865,19393.359952756084,services,1.0002687591215855,79.703,19394.286201934912,2596050.0,8855.888888888889
ChIJsSECCc--wjsRV4unRT30NG8,Nirmayee Nature Cure Centre Best Naturopathy Centre in Pune I Best Colon Hydrotherapy In Pune,18.5417292,73.8869429,4.6,40,92.0,1,10,Medium,41400,Low,2452,cell_2452,0.0011260698282364,18.542715987862756,73.88640042145481,1,21.31379768066108,11316.974756230717,0.0,43.59,Central Pune,Grade A,High,Koregaon Park,948.4036080458078,92232,PMC_16,Yerwada,PMC,671.8973352301117,1,92.25694665452464,1,55.43504919437692,45000.0,5000.0,57.69,Unknown,3995.3072137336057,0.0006303359340926,0.9474765886951632,0.9155354910425624,0.0107259310108117,0.0978167305735973,11316.974756230717,services,1.0002502310124115,92.232,11317.922232819412,2596050.0,46116.0
ChIJh3IUwgPBwjsRqx4onDYst1c,BELLISSIMO HAIR & BEAUTY SALON,18.5402998,73.8933782,4.7,447,94.0,1,43,High,181890,Low,2569,cell_2569,0.0027231385542635,18.538457530335,73.89538357429602,27,0.0,14412.253164274283,740.4429708895234,43.59,Central Pune,Grade A,High,Koregaon Park,15.059269863180816,79703,PMC_22,Koregaon Park,PMC,15.059269863180816,1,658.989230057584,1,907.734166244907,45000.0,5000.0,57.69,Unknown,4545.911366658402,0.0006303359340926,0.5241820467934232,0.6027766677938527,0.3345600535296085,3.009932778167954,8280.795984316754,services,1.000219929512445,79.703,8281.320166363546,2596050.0,2846.535714285714
ChIJB6YzfQfBwjsRLkU__UGwrzw,The Mystique Spa & Salon,18.5334255,73.8970475,3.9,40,78.0,0,10,Medium,35100,Low,2568,cell_2568,0.0018349112875356,18.53419896666687,73.89538357429602,9,0.0,27832.843314599824,860.2273602971379,43.59,Central Pune,Grade A,High,Koregaon Park,0.0,79703,PMC_22,Koregaon Park,PMC,0.0,1,633.8182357978076,1,460.4254668410868,75000.0,8000.0,119.55,High,4357.561926119525,0.0005811922507699,0.6847319652422995,0.6120631892149809,0.1115200178432028,1.0033109260559847,14962.065341386024,services,1.000229433473001,79.703,14962.750073351266,8966250.0,7970.3
ChIJMZqoI6jBwjsR1VOQ_vtPRP8,Silver Soul Spa - Koregaon Park,18.5330307,73.89900949999999,3.9,69,78.0,0,10,Medium,35100,Low,2627,cell_2627,0.0014540282556066,18.53419896666687,73.89987515071661,12,0.0,17353.232437370632,1353.1146513959734,43.59,Central Pune,Grade A,High,Koregaon Park,203.6437026793137,79703,PMC_22,Koregaon Park,PMC,203.6437026793137,1,722.9191930804674,1,617.5955028233423,45000.0,5000.0,57.69,Unknown,4803.68403803183,0.0006303359340926,0.6182015208713214,0.5804102734569142,0.1486933571242704,1.3377479014079796,7374.58008137254,services,1.0002081302312669,79.703,7375.1982828934115,2596050.0,6131.0
ChIJu0x70wXBwjsRHilLHlcgQXU,Natural Body Spa,18.53979,73.8976,4.4,126,88.0,1,11,High,43560,Low,2569,cell_2569,0.0025861203199778,18.538457530335,73.89538357429602,27,0.0,14412.253164274283,740.4429708895234,43.59,Central Pune,Grade A,High,Koregaon Park,15.059269863180816,79703,PMC_22,Koregaon Park,PMC,15.059269863180816,1,658.989230057584,1,907.734166244907,45000.0,5000.0,57.69,Unknown,4545.911366658402,0.0006303359340926,0.5241820467934232,0.6027766677938527,0.3345600535296085,3.009932778167954,8280.795984316754,services,1.000219929512445,79.703,8281.320166363546,2596050.0,2846.535714285714
ChIJJ9G1BgTBwjsRuE-fObpNe9g,Oceanic Spa Koregaon Park,18.539509,73.89830909999999,3.9,114,78.0,0,10,High,35100,Low,2628,cell_2628,0.001886293535863,18.538457530335,73.89987515071661,48,0.0,14412.900786754532,1051.7724448603046,43.59,Central Pune,Grade A,High,Koregaon Park,204.19975330482853,79703,PMC_22,Koregaon Park,PMC,204.19975330482853,1,643.9009972726926,1,606.2812154646249,45000.0,5000.0,57.69,Unknown,4975.16258277518,0.0006303359340926,0.6225559947862211,0.6083091388465888,0.5947734284970819,5.3509916056319184,7024.6097820734885,services,1.0002009580642444,79.703,7025.232338068275,2596050.0,1626.591836734694
ChIJa98aoxHBwjsRHA1xA7QFWqg,Jeevana Kerala Ayurvedic Centre - Ayurvedic Hospital In Pune,18.5478361,73.9049118,4.6,773,92.0,1,73,High,302220,Medium,2689,cell_2689,0.00101967448321,18.54697433922927,73.90436672713722,54,0.0,25081.58845190418,531.8995443823994,51.83,East Pune,Premium,Low,kalyani nagar,0.0,80082,PMC_21,Kalyani Nagar,PMC,0.0,1,598.6668894413534,1,42.80722712958232,75000.0,8000.0,120.12,High,5829.781399497581,0.0006910574525672,0.9589500091523024,0.6255211805565356,0.665992452085543,5.9945383095401965,16372.867622998134,services,1.0001715035998582,80.082,16373.826573007285,9009000.0,1456.0363636363636
ChIJdfJZjTy_wjsRQgtlZEVRm78,Euphoria Delight Spa,18.5530708,73.80881509999999,4.1,201,82.0,1,16,High,59040,Low,1451,cell_1451,0.0022109508350258,18.55123258441366,73.81004362230465,3,0.0,10078.154705125364,0.0,28.14,West Pune,Grade B,Medium,Aundh Gaon,665.4126758788989,92644,PMC_1,Aundh,PMC,668.0067824224396,1,22.184917436446995,1,0.0,45000.0,5000.0,57.69,Unknown,5995.746839681664,0.0006303359340926,1.0,0.9782965713365396,0.0320362222886677,0.2922723198628268,10078.154705125364,services,1.0001667570812534,92.644,10079.154705125364,2596050.0,23161.0
ChIJrZBufzu_wjsRDcy75hA8F_8,Ora Regenesis Spa Aundh – Best Spa in Aundh Pune | Best Massage in Aundh | Best Family Spa in Aundh Pune,18.55495759999999,73.8095517,4.2,268,84.0,1,23,High,86940,Low,1452,cell_1452,0.0007254020321057,18.555490723395064,73.81004362230465,16,0.0,23577.261162366307,345.2888680478164,28.14,West Pune,Grade B,Medium,Aundh Gaon,175.20762805288712,92644,PMC_1,Aundh,PMC,184.81543515080895,3,0.0,2,0.0,45000.0,5000.0,57.69,Unknown,6278.468798428694,0.0006303359340926,2.0,3.0,0.1708598522062278,1.5587857059350765,17525.798155588607,services,3.000159249139075,92.644,17527.798155588607,2596050.0,5449.64705882353
ChIJCc_R8xbBwjsRQ0ppZbsSxiQ,Shanti Spa - Hyatt Pune,18.5539211,73.9048613,4.7,65,94.0,1,10,Medium,42300,Low,2691,cell_2691,0.0016456973959165,18.555490723395064,73.90436672713722,1,0.0,13380.25838950814,0.0,34.97,East Pune,Grade A,High,Kalyani Nagar,805.6957896603271,80082,PMC_21,Kalyani Nagar,PMC,617.8269572719,1,96.43436639849097,1,222.03614785987884,45000.0,5000.0,57.69,Unknown,6362.261833622966,0.0006303359340926,0.8183063993248275,0.912047296806964,0.0123331935571396,0.1110099686951888,13380.25838950814,services,1.0001571521062855,80.082,13381.076695907466,2596050.0,40041.0
ChIJbfJ8DnrqwjsRO_U3ExJ8sRM,Jeevana Kerala Ayurvedic Centre - Ayurvedic Massage In Pune,18.4809805,73.899981,4.5,428,90.0,1,39,High,157950,Low,2615,cell_2615,0.0021100878592096,18.483087931304407,73.89987515071661,31,0.0,39517.1839281066,704.7483904836699,25.36,South Pune,Grade B,High,Wanowrie,833.0699114665927,76204,PMC_11,Wanowrie,PMC,44.85361056262627,1,0.0,2,0.0,45000.0,5000.0,57.69,Unknown,6159.605542381132,0.0006303359340926,2.0,1.0,0.4015335992953733,3.5961208296598763,23180.654780905712,services,1.000162321705735,76.204,23182.654780905712,2596050.0,2381.375
ChIJL3p94aDqwjsRS4rjhTYFAho,Art of Living's Yoga Class & Meditation Center,18.4815017,73.86138439999999,4.3,14,86.0,1,10,Low,38700,Low,2084,cell_2084,0.0025008615815323,18.483087931304407,73.85945096293122,4,0.0,37714.09836729815,0.0,20.02,South Pune,Grade B,Medium,Dhankawadi,2266.0482834436307,76550,PMC_28,Parvati,PMC,404.4134201279596,1,22.50598698388785,1,656.2204921555149,45000.0,5000.0,57.69,Unknown,4159.041346569712,0.0006303359340926,0.6037843419619413,0.977989383660946,0.0515796260477111,0.4621606008087809,37714.09836729815,services,1.0002403822262067,76.55,37714.702151640115,2596050.0,15310.0
ChIJRR_CNvPBwjsRwwl0hrby1rs,"Heels Dance Academy - Salsa, Belly Dance, Kizomba, Bollywood, Hiphop, Kids, Bharatnatyam, Kathak, Zumba | Dance Classes Pune",18.5099029,73.92841279999999,4.8,637,96.0,1,62,High,267840,Medium,2975,cell_2975,0.0020257750586267,18.508645356879995,73.9268246092402,29,0.0,27020.91758629053,0.0,21.23,East Pune,Grade B,Medium,Hadapsar Gaon,0.0,77669,PMC_12,Hadapsar,PMC,0.0,2,0.0,1,3.295340739190579,25000.0,3000.0,46.6,Low,7508.565364290866,0.0008491660333586,0.9967154828639364,2.0,0.3686331337629816,3.3078967479953008,27020.91758629053,services,2.000133163499016,77.669,27021.91430177339,1165000.0,2588.9666666666667
ChIJ____eAPAwjsRvkoS_s0vqCc,Vinod Dulal Yoga Institute,18.4892106,73.8499609,4.8,27,96.0,1,10,Medium,43200,Low,1967,cell_1967,0.0019305710355322,18.487347767027387,73.85046781009004,29,0.0,30539.24501220673,514.0735976891592,35.2,Central Pune,Grade A,Medium,Sadashiv Peth,2514.677624567179,76550,PMC_28,Parvati,PMC,376.97251282818615,2,0.0,1,56.47723127016798,45000.0,5000.0,57.69,Unknown,3733.531228339262,0.0006303359340926,0.9465419323781664,2.0,0.3739522888459058,3.350664355863662,20170.251339708306,services,2.0002677712245145,76.55,20171.197881640684,2596050.0,2551.6666666666665
ChIJYWXFp2XAwjsRkyguaJLTJkw,Herbalife Nutrition Pune,18.4379697,73.870875,4.6,28,92.0,1,10,Medium,41400,Low,2250,cell_2250,0.00269391037942,18.43622275562143,73.87292569219302,1,0.0,24230.958411183317,1122.1009105509147,20.28,South Pune,Grade B,High,Katraj,1164.7891201754423,88253,PMC_37,Katraj,PMC,1810.6292600784584,1,1157.2129268652304,1,2308.959909599505,45000.0,5000.0,57.69,Unknown,9515.216013196952,0.0006303359340926,0.3022097660050023,0.4635611012461145,0.0112041051841394,0.1017780627563535,11418.38179829665,services,1.000105083785258,88.253,11418.684008062655,2596050.0,44126.5
ChIJgTexvX_AwjsRF067zmD34wU,GT Fitness Club,18.526724,73.8435739,4.3,550,86.0,1,48,High,185760,Low,1858,cell_1858,0.0023348870964485,18.52568152099306,73.84148465724884,16,0.0,23667.61106367873,0.0,25.56,Central Pune,Grade B,Low,Shivajinagar,457.3387491121322,89957,PMC_7,Shivajinagar,PMC,547.028490113255,4,0.0,1,432.3540110794469,45000.0,5000.0,57.69,Unknown,1708.3407925032668,0.0006303359340926,0.6981514292310897,4.0,0.1759072968545576,1.600688295967266,23667.61106367873,services,4.000585020848028,89.957,23668.30921510796,2596050.0,5291.588235294118
ChIJWaQ6sTy_wjsRdHT8eiAxwYY,"Shiv Yog Pune, Healing & Meditation",18.5533714,73.80700139999999,4.4,14,88.0,1,10,Low,39600,Low,1393,cell_1393,0.0025675200108743,18.555490723395064,73.80555204588406,7,0.0,36497.27066260516,60.51117023271095,28.14,West Pune,Grade B,Medium,Aundh Gaon,162.07631629239768,92644,PMC_1,Aundh,PMC,162.07631629239768,1,44.9024872193113,1,159.96231290325522,45000.0,5000.0,57.69,Unknown,6655.954257025796,0.0006303359340926,0.8620969740793668,0.9570271027502236,0.0747511853402246,0.681968746346596,34414.7913638632,services,1.0001502188480482,92.644,34415.65346083728,2596050.0,11580.5
ChIJFxeB_WXqwjsRCwhaW5Z24nM,Total Yoga,18.5300886,73.82729719999999,5.0,2,100.0,1,10,Low,45000,Low,1682,cell_1682,0.0007279938180674,18.529940296879264,73.82800992798704,16,0.0,46024.49039427209,0.0,25.56,Central Pune,Grade B,Low,Shivajinagar,1841.7012484520676,89957,PMC_7,Shivajinagar,PMC,1919.624892006628,1,0.0,3,0.0,45000.0,5000.0,57.69,Unknown,3205.5130231768376,0.0006303359340926,3.0,1.0,0.1759072968545576,1.600688295967266,46024.49039427209,services,1.0003118652544905,89.957,46027.49039427209,2596050.0,5291.588235294118
ChIJ1T9WbuXqwjsR_KeJ5yhNebk,Vishwa Gym,18.4505422,73.8699178,4.2,560,84.0,1,48,High,181440,Low,2194,cell_2194,0.0021361091879766,18.449005436005177,73.86843411577242,11,0.0,42897.41526506447,0.0,20.28,South Pune,Grade B,High,Katraj,0.0,88253,PMC_37,Katraj,PMC,1023.0462120681168,1,0.0,1,1407.1704874206334,45000.0,5000.0,57.69,Unknown,8034.57980655403,0.0006303359340926,0.4154254986199729,1.0,0.1232451570255341,1.1195586903198884,42897.41526506447,services,1.00012444652708,88.253,42897.83069056309,2596050.0,7354.416666666667
ChIJfVro6xDBwjsRVxHiZR_uRtE,Artsphere,18.5492468,73.90317859999999,4.6,47,92.0,1,10,Medium,41400,Low,2690,cell_2690,0.0023140842317766,18.55123258441366,73.90436672713722,3,0.0,12523.67098157678,59.936042877484056,34.97,East Pune,Grade A,High,Kalyani Nagar,305.69578966032714,80082,PMC_21,Kalyani Nagar,PMC,117.82695727190004,1,279.8055020654459,1,493.8463046284013,45000.0,5000.0,57.69,Unknown,6083.437495194632,0.0006303359340926,0.6694129087454904,0.7813687301594853,0.036999580671419,0.3330299060855665,11815.496855430898,services,1.0001643537304459,80.082,11816.166268339644,2596050.0,20020.5
ChIJxf5zenbAwjsRU-98BdrWhgU,Sun Jeevan Yoga Darshan,18.5164035,73.8470055,4.2,31,84.0,1,10,Medium,37800,Low,1915,cell_1915,0.001279538485062,18.51716365100839,73.84597623366945,31,0.0,31040.69648705129,0.0,34.5,Central Pune,Grade A,Low,Deccan Gymkhana,170.3684091968462,78493,PMC_35,Sadashiv Peth,PMC,492.98892798547104,3,0.0,3,0.0,45000.0,5000.0,57.69,Unknown,1186.5704787892937,0.0006303359340926,3.0,3.0,0.389971444026518,3.503101940266462,31040.69648705129,services,3.0008420552867054,78.493,31043.69648705129,2596050.0,2452.90625
ChIJY_ZDwBvAwjsRoL49r7hFL4A,Institute Of Indian & Modern Music,18.491106,73.858203,4.4,21,88.0,1,10,Medium,39600,Low,2086,cell_2086,0.0013449574636558,18.49160749686076,73.85945096293122,15,0.0,32595.762266812493,0.0,35.2,Central Pune,Grade A,Medium,Sadashiv Peth,2109.0894946462618,76550,PMC_28,Parvati,PMC,168.23867473184455,2,0.0,1,447.9121338524192,45000.0,5000.0,57.69,Unknown,3214.6943950422647,0.0006303359340926,0.6906496441461044,2.0,0.1934235976789168,1.7331022530329288,32595.762266812493,services,2.000310974824455,76.55,32596.452916456637,2596050.0,4784.375
ChIJnQFqo7fqwjsRvePyQVL_aKk,Art of Living's Yoga Class & Meditation Center,18.4626347,73.85192339999999,4.7,3,94.0,1,10,Low,42300,Low,1961,cell_1961,0.0016843566815629,18.46178716507755,73.85046781009004,7,0.0,53828.10914679905,581.5369905425388,20.02,South Pune,Grade B,Medium,Dhankawadi,0.0,76903,PMC_30,Dhankawadi,PMC,382.2244507984724,1,152.9733093243558,1,140.65236582327634,45000.0,5000.0,57.69,Unknown,6550.502207463996,0.0006303359340926,0.8766912952293233,0.867322766201762,0.0898553329140084,0.8054957826542236,34035.31467723279,services,1.0001526367493032,76.903,34036.191368528016,2596050.0,9612.875
ChIJX-OawPLBwjsRuMxyv_802yk,ABS FITNESS - MAGARPATTA CITY. GYM. PUNE,18.5107948,73.92640349999999,4.4,1189,88.0,1,107,High,423720,Medium,2976,cell_2976,0.0021513733723993,18.51290455695171,73.92682460924019,1,17.124119760934263,12569.806510004017,231.49397748177736,32.09,East Pune,Grade A,High,Magarpatta,81.85546138178468,77669,PMC_12,Hadapsar,PMC,220.1070463391952,1,89.97203385119114,1,33.78780649136752,45000.0,5000.0,57.69,Unknown,7440.66149216816,0.0006303359340926,0.9673164973709238,0.917454731812436,0.0127114873711372,0.1140654051032862,10206.957354113423,services,1.0001343785928791,77.669,10207.924670610793,2596050.0,38834.5
ChIJ_____3TAwjsR0p4Te6rauwQ,Kelkar's Gymnasium And Fitness Centre,18.5084873,73.85095729999999,3.4,19,68.0,0,10,Low,30599,Low,1972,cell_1972,0.0005143756888302,18.508645356879995,73.85046781009004,34,0.0,31202.785987957413,105.92600252924429,35.2,Central Pune,Grade A,Medium,Sadashiv Peth,14.67762456741184,78493,PMC_35,Sadashiv Peth,PMC,14.67762456741184,2,0.0,1,317.2800366555397,45000.0,5000.0,57.69,Unknown,1462.9440357842566,0.0006303359340926,0.7591400250313621,2.0,0.4277106160290843,3.842111805453539,28214.171578023197,services,2.0006830862215743,78.493,28214.93071804823,2596050.0,2242.657142857143
ChIJDSN2qurqwjsR-xEi4FheuLM,Gravity Fitness Club,18.4612502,73.8653836,4.0,691,80.0,1,56,High,201600,Medium,2138,cell_2138,0.0015378515163144,18.46178716507755,73.86394253935183,3,0.0,31150.433190805124,377.1116000600159,20.02,South Pune,Grade B,Medium,Dhankawadi,1201.8888392969966,76111,PMC_27,Bibwewadi,PMC,315.7197927372055,1,101.48691155388951,1,566.9710742833558,45000.0,5000.0,57.69,Unknown,6562.04823819919,0.0006303359340926,0.6381738734120179,0.9078637154110892,0.0389049551944599,0.3483875463065113,22620.12257354274,services,1.0001523682233782,76.111,22620.760747416152,2596050.0,19027.75
ChIJsTX5JnrqwjsR4LjPNMwyOTc,Empower Gym & Fitness Club,18.4814392,73.89861909999999,4.2,323,84.0,1,27,High,102060,Low,2615,cell_2615,0.0020726741945737,18.483087931304407,73.89987515071661,31,0.0,39517.1839281066,704.7483904836699,25.36,South Pune,Grade B,High,Wanowrie,833.0699114665927,76204,PMC_11,Wanowrie,PMC,44.85361056262627,1,0.0,2,0.0,45000.0,5000.0,57.69,Unknown,6159.605542381132,0.0006303359340926,2.0,1.0,0.4015335992953733,3.5961208296598763,23180.654780905712,services,1.000162321705735,76.204,23182.654780905712,2596050.0,2381.375
ChIJ71Btw4W_wjsR8vcb7HKHdTY,Status Health Club,18.517931,73.8360062,4.2,64,84.0,1,10,Medium,37800,Low,1797,cell_1797,0.0012501032933596,18.51716365100839,73.83699308082824,10,0.0,39155.10182282137,226.4897049449604,34.5,Central Pune,Grade A,Low,Deccan Gymkhana,329.6315908031538,78493,PMC_35,Sadashiv Peth,PMC,1190.0614856006118,1,36.93498527724296,1,129.94228923227638,45000.0,5000.0,57.69,Unknown,2108.7751947525785,0.0006303359340926,0.8850009505170713,0.9643806161411675,0.1257972400085542,1.1300328839569231,31924.52546886929,services,1.000473984148874,78.493,31925.41046981981,2596050.0,7135.727272727273
ChIJP38XppW_wjsRgJ4_FBQban8,Dr Rahalkar's Pregcare and Healthcare,18.5070842,73.82064629999999,5.0,12,100.0,1,10,Low,45000,Low,1559,cell_1559,0.002249460281303,18.508645356879995,73.81902677514584,15,0.0,34280.41875549171,0.0,28.31,Central Pune,Grade B,Low,left bhusari colony Kothrud,1010.8908415650948,97187,PMC_4,Kothrud,PMC,1010.8908415650948,2,0.0,3,0.0,45000.0,5000.0,57.69,Unknown,4181.774129601961,0.0006303359340926,3.0,2.0,0.1527697149317119,1.399423437543732,34280.41875549171,services,2.000239075782965,97.187,34283.41875549171,2596050.0,6074.1875
ChIJFVN5c7jqwjsRuHYJ90T9mUg,Art of Living's Yoga Class & Meditation Center,18.4609816,73.85530109999999,4.8,21,96.0,1,10,Medium,43200,Low,2020,cell_2020,0.0008750446862697,18.46178716507755,73.85495938651064,5,0.0,39325.57914050569,81.85569972111901,20.02,South Pune,Grade B,Medium,Dhankawadi,201.8888392969966,76903,PMC_30,Dhankawadi,PMC,432.2668553346212,1,0.0,1,0.0,45000.0,5000.0,57.69,Unknown,6520.034157019471,0.0006303359340926,1.0,1.0,0.0641823806528631,0.5753541304673025,36350.11503904175,services,1.0001533499098334,76.903,36351.11503904175,2596050.0,12817.166666666666
ChIJtSm7XXq_wjsRbvmL8O2hHRA,Dimpex International (Yoga Props Exporters),18.5358137,73.8317502,5.0,2,100.0,1,10,Low,45000,Low,1742,cell_1742,0.0017809609906051,18.53419896666687,73.83250150440765,5,0.0,36424.09887408793,0.0,25.56,Central Pune,Grade B,Low,Shivajinagar,1355.945872625559,89957,PMC_7,Shivajinagar,PMC,1427.4296188040344,1,0.0,1,0.0,45000.0,5000.0,57.69,Unknown,2977.14824194031,0.0006303359340926,1.0,1.0,0.0549710302670492,0.5002150924897706,36424.09887408793,services,1.0003357791213738,89.957,36425.09887408793,2596050.0,14992.833333333334
ChIJGWK2vci-wjsRSv8tvo3XJlU,Sky Fitness & Wellness,18.5581575,73.7758109,4.8,1822,96.0,1,179,High,773280,High,981,cell_981,0.0023284584943562,18.55974875615261,73.77411101093988,7,0.0,24968.01488360888,196.26806597356847,35.94,West Pune,Grade A,Low,Aundh-Baner link road,450.0870597790927,92640,PMC_2,Baner,PMC,1162.5318008540198,1,64.10029304306954,1,290.90277689974755,45000.0,5000.0,57.69,Unknown,9744.40918400024,0.0006303359340926,0.7746516762490943,0.9397610418283427,0.074754378470739,0.6819953234606392,20871.588562626184,services,1.000102612417921,92.64,20872.363214302433,2596050.0,11580.0
ChIJ-U8S1tm-wjsRSEzBUdNrXvo,Yoganjali,18.5588028,73.7910575,4.7,95,94.0,1,10,Medium,42300,Low,1217,cell_1217,0.0013909920868698,18.55974875615261,73.79207731662227,12,0.0,29023.55990525256,0.0,25.92,West Pune,Grade B,Low,Baner Pashan Link Road,1049.912940220907,92640,PMC_2,Baner,PMC,337.4681991459802,1,0.0,1,0.0,45000.0,5000.0,57.69,Unknown,8096.791175814294,0.0006303359340926,1.0,1.0,0.1281503630926954,1.1691348402182389,29023.55990525256,services,1.000123490465275,92.64,29024.55990525256,2596050.0,7126.153846153846
ChIJw_9NLdy_wjsRL_N6iLtpjw8,Zeus Fitness Zone,18.486586,73.8153497,4.0,148,80.0,1,12,High,43200,Low,1495,cell_1495,0.0011152135807005,18.487347767027387,73.81453519872525,9,0.0,33346.10204208189,0.0,27.84,Central Pune,Grade B,High,Karve Nagar,647.7695712540299,91381,PMC_5,Karve Nagar,PMC,649.5234909025456,2,0.0,1,633.2201598291753,45000.0,5000.0,57.69,Unknown,5768.486042857425,0.0006303359340926,0.6122873232868946,2.0,0.0974226301945205,0.8877403063690436,33346.10204208189,services,2.0001733256641185,91.381,33346.71432940518,2596050.0,9138.1
ChIJpcKgSNy_wjsRyz0IOWK7-AU,Tejaswini Health Club (Exclusively for WOMEN),18.4875703,73.8147212,4.1,244,82.0,1,20,High,73800,Low,1495,cell_1495,0.0002900299951833,18.487347767027387,73.81453519872525,9,0.0,33346.10204208189,0.0,27.84,Central Pune,Grade B,High,Karve Nagar,647.7695712540299,91381,PMC_5,Karve Nagar,PMC,649.5234909025456,2,0.0,1,633.2201598291753,45000.0,5000.0,57.69,Unknown,5768.486042857425,0.0006303359340926,0.6122873232868946,2.0,0.0974226301945205,0.8877403063690436,33346.10204208189,services,2.0001733256641185,91.381,33346.71432940518,2596050.0,9138.1
ChIJVzKcXbnqwjsRAuhZ3R36kEc,BRAWNS GYM,18.4657897,73.8577336,4.8,388,96.0,1,38,High,164160,Low,2080,cell_2080,0.0017366092573701,18.466047529934773,73.85945096293122,34,0.0,50872.34097025284,0.0,20.02,South Pune,Grade B,Medium,Dhankawadi,718.714789241011,76111,PMC_27,Bibwewadi,PMC,523.5632679993287,3,0.0,1,257.542009148409,45000.0,5000.0,57.69,Unknown,6050.677215010204,0.0006303359340926,0.7952020630127393,3.0,0.4409228255372125,3.948392191473795,50872.34097025284,services,3.000165243446481,76.111,50873.13617231585,2596050.0,2174.6
ChIJT00_Fky-wjsR1dWRGkujmpg,Siddhi Health Club,18.5079431,73.78932689999999,4.3,130,86.0,1,11,High,42570,Low,1146,cell_1146,0.0018774456500302,18.508645356879995,73.78758574020166,3,0.0,28413.46311192351,0.0,15.59,West Pune,Grade C,Low,old vitthal mandir bavdhan,1300.485226334423,92410,PMC_3,Bavdhan,PMC,371.80175495333975,1,0.0,1,405.2977897319943,45000.0,5000.0,57.69,Unknown,7403.683997016194,0.0006303359340926,0.7115929501253332,1.0,0.0321164757520608,0.2929401425642027,28413.46311192351,services,1.0001350496524095,92.41,28414.174704873636,2596050.0,23102.5
ChIJjX4yJuS-wjsRi_1j4efzMc0,Ananyanish Nirvana Acupressure & Spiritual healing center,18.54072,73.7867435,4.8,81,96.0,1,10,Medium,43200,Low,1154,cell_1154,0.0021664108810549,18.542715987862756,73.78758574020166,12,0.0,17273.461756638553,508.3618106882065,29.3,West Pune,Grade A,High,Pashan,769.746361017756,76498,PMC_40,Pashan,PMC,134.3610306694946,1,164.6695784330368,3,0.0,45000.0,5000.0,57.69,Unknown,7697.598831877308,0.0006303359340926,3.0,0.8586126215689556,0.1548427056182094,1.3873153136488707,11451.802633982988,services,1.000129893766624,76.498,11454.802633982988,2596050.0,5884.461538461538
ChIJMyFdTUfqwjsRUhvZFR-fRyc,R. G. Fitness (Formerly Gitai Groups GYM),18.4597517,73.9120609,4.2,392,84.0,1,33,High,124740,Low,2787,cell_2787,0.0024092711484233,18.46178716507755,73.9133498799784,17,0.0,24660.75044475293,1051.1701875761726,16.0,South Pune,Grade C,Low,Undri Chowck,33.87806226592511,78826,PMC_39,Mohammadwadi,PMC,1446.1802429473184,1,665.2161612123804,1,2292.301169993356,45000.0,5000.0,57.69,Unknown,8841.124463850143,0.0006303359340926,0.3037389194871313,0.6005226368160744,0.2129631949490141,1.9138540517416072,12022.771486306585,services,1.0001130949925088,78.826,12023.075225226072,2596050.0,4379.222222222223
ChIJP_-dN2fAwjsRcsRJUl37r6A,Husain trader,18.524043,73.863776,4.6,9,92.0,1,10,Low,41400,Low,2153,cell_2153,0.0016469627805175,18.52568152099306,73.86394253935183,6,0.0,33404.52903443526,0.0,13.81,Pune,Grade C,Low,manjari farm,668.0875439440949,76264,PMC_26,Rasta Peth,PMC,582.2020554397545,1,0.0,2,0.0,45000.0,5000.0,57.69,Unknown,963.3287902447948,0.0006303359340926,2.0,1.0,0.0776558293642576,0.6955392747843828,33404.52903443526,services,1.0010369907132464,76.264,33406.52903443526,2596050.0,10894.857142857143
ChIJ93pqRHfAwjsRr8vu5HOXspM,KabirBaug Pune,18.5165681,73.84686049999999,4.7,1155,94.0,1,111,High,469530,Medium,1915,cell_1915,0.0010661181674309,18.51716365100839,73.84597623366945,31,0.0,31040.69648705129,0.0,34.5,Central Pune,Grade A,Low,Deccan Gymkhana,170.3684091968462,78493,PMC_35,Sadashiv Peth,PMC,492.98892798547104,3,0.0,3,0.0,45000.0,5000.0,57.69,Unknown,1186.5704787892937,0.0006303359340926,3.0,3.0,0.389971444026518,3.503101940266462,31040.69648705129,services,3.0008420552867054,78.493,31043.69648705129,2596050.0,2452.90625
ChIJW4Dc_njAwjsRm4y4Jtvr6Jc,Arkfit Arena,18.5203807,73.8445594,4.3,409,86.0,1,36,High,139320,Low,1916,cell_1916,0.0017587082155181,18.521422639029137,73.84597623366945,22,0.0,29747.841384515006,0.0,34.5,Central Pune,Grade A,Low,Deccan Gymkhana,348.86074346062657,89693,PMC_8,Ghole Road,PMC,604.6685538961514,2,0.0,1,0.0,45000.0,5000.0,57.69,Unknown,1136.3735772864304,0.0006303359340926,1.0,2.0,0.2425766045891083,2.2067747986318,29747.841384515006,services,2.0008792185962205,89.693,29748.841384515006,2596050.0,3899.695652173913
ChIJa6rhLIHAwjsRWlXmh1Ji7Es,Gnosis Medical Yoga Foundation,18.53256129999999,73.8485154,4.9,384,98.0,1,38,High,167580,Low,1978,cell_1978,0.0025483047838722,18.53419896666687,73.85046781009004,10,0.0,26961.372128632443,0.0,25.56,Central Pune,Grade B,Low,Shivajinagar,251.9632198041746,89957,PMC_7,Shivajinagar,PMC,169.35359641633238,1,0.0,2,0.0,45000.0,5000.0,57.69,Unknown,1669.1466328940455,0.0006303359340926,2.0,1.0,0.1099420605340985,1.0004301849795412,26961.372128632443,services,1.0005987498225035,89.957,26963.372128632443,2596050.0,8177.909090909091
ChIJ7dPf0VbAwjsRGbSnJyMX24A,Mind Gym Pune,18.5266362,73.8808547,5.0,1,100.0,1,10,Low,45000,Low,2389,cell_2389,0.0014221932918746,18.52568152099306,73.88190884503422,1,96.79668146884067,13025.126095721123,559.9972550746901,43.59,Central Pune,Grade A,High,Koregaon Park,1628.0810457361913,76984,PMC_23,Camp,PMC,1262.244196886572,1,397.7989150447281,1,191.1975510464981,45000.0,5000.0,57.69,Unknown,2721.992547986829,0.0006303359340926,0.8394913162149082,0.7154104851826996,0.0128231432088633,0.1149636714798123,8349.454496378266,services,1.0003672430175174,76.984,8350.293987694482,2596050.0,38492.0
ChIJgQAtTBfAwjsRZVMs8dOAIJE,The Urban Ashram,18.4964059,73.860146,4.4,11,88.0,1,10,Low,39600,Low,2087,cell_2087,0.000879408648458,18.49586712078362,73.85945096293122,10,0.0,33600.305559441054,0.0,35.2,Central Pune,Grade A,Medium,Sadashiv Peth,1638.163872101947,76550,PMC_28,Parvati,PMC,626.9436090841514,2,0.0,1,79.84569263504818,45000.0,5000.0,57.69,Unknown,2743.3106081126416,0.0006303359340926,0.92605823852461,2.0,0.1289490651192779,1.1554015020219526,33600.305559441054,services,2.0003643902395902,76.55,33601.23161767958,2596050.0,6959.090909090909
ChIJySw-ag_AwjsRZGrK0kVzLjw,Sahyadri Pratishtan,18.4957971,73.8493513,4.5,11,90.0,1,10,Low,40500,Low,1969,cell_1969,0.0011187035761566,18.49586712078362,73.85046781009004,15,0.0,38301.89645081778,114.68548396788538,35.2,Central Pune,Grade A,Medium,Sadashiv Peth,1514.677624567179,83867,PMC_34,Dattawadi,PMC,102.63900615088642,1,0.0,1,158.2553743047174,45000.0,5000.0,57.69,Unknown,2805.967161759532,0.0006303359340926,0.863367459529626,1.0,0.1767471455335996,1.5980056889002523,34361.16913846998,services,1.0003562563943118,83.867,34362.032505929514,2596050.0,5241.6875
ChIJDRm0MXq_wjsRKebpiSL6ZP4,Divine diets by Dietician Namrata Pandya,18.5343468,73.8332697,4.8,12,96.0,1,10,Low,43200,Low,1742,cell_1742,0.0007822909704845,18.53419896666687,73.83250150440765,5,0.0,36424.09887408793,0.0,25.56,Central Pune,Grade B,Low,Shivajinagar,1355.945872625559,89957,PMC_7,Shivajinagar,PMC,1427.4296188040344,1,0.0,1,0.0,45000.0,5000.0,57.69,Unknown,2977.14824194031,0.0006303359340926,1.0,1.0,0.0549710302670492,0.5002150924897706,36424.09887408793,services,1.0003357791213738,89.957,36425.09887408793,2596050.0,14992.833333333334
ChIJ7SXg7o2_wjsRQw0XIx9mymU,Yogaway By Asmeeta | Yoga Classes | Yoga Studio | Yoga Therapy,18.5102444,73.8303239,5.0,13,100.0,1,10,Low,45000,Low,1736,cell_1736,0.0027016476187412,18.508645356879995,73.83250150440765,11,0.0,35650.23617720867,0.0,34.5,Central Pune,Grade A,Low,Deccan Gymkhana,1082.637694132594,78493,PMC_35,Sadashiv Peth,PMC,1586.6720178644932,2,0.0,2,0.0,45000.0,5000.0,57.69,Unknown,2866.7881877978525,0.0006303359340926,2.0,2.0,0.1383769640094096,1.2430361723526155,35650.23617720867,services,2.0003487007876855,78.493,35652.23617720867,2596050.0,6541.083333333333
ChIJnfG6XvnAwjsRin8Gr1D8224,ThinkThin,18.537521,73.881981,3.5,2,70.0,0,10,Low,31499,Low,2392,cell_2392,0.0009393058114668,18.538457530335,73.88190884503422,1,0.0,15132.752124958684,0.0,43.59,Central Pune,Grade A,High,Koregaon Park,1296.4437632276272,92232,PMC_16,Yerwada,PMC,940.9085977908366,1,196.4529365906492,1,0.7664315490983427,45000.0,5000.0,57.69,Unknown,3330.9916254826967,0.0006303359340926,0.9992341554183508,0.8358038744503805,0.0107259310108117,0.0978167305735973,15132.752124958684,services,1.000300120802331,92.232,15133.751359114103,2596050.0,46116.0
ChIJQ_ZWkXa_wjsRO-lCXxJvfMg,4 Fitness Club,18.5308229,73.8252858,4.3,116,86.0,1,10,High,38700,Low,1623,cell_1623,0.0019755663071654,18.529940296879264,73.82351835156645,12,0.0,42512.2598966836,445.579125338051,34.5,Central Pune,Grade A,Low,Deccan Gymkhana,2247.018648057462,89957,PMC_7,Shivajinagar,PMC,2419.624892006628,1,294.43562522158027,1,145.111660271883,45000.0,5000.0,57.69,Unknown,3655.7510719319366,0.0006303359340926,0.8732772835118724,0.7725374522420309,0.1319304726409182,1.2005162219754495,29408.46277559662,services,1.000273466796161,89.957,29409.33605288013,2596050.0,6919.7692307692305
ChIJcYsaW2C_wjsRze0H6f1y0do,Symbiosis Fitness Centre,18.5494473,73.8395733,4.4,90,88.0,1,10,Medium,39600,Low,1864,cell_1864,0.0026154401102618,18.55123258441366,73.84148465724884,1,0.0,38134.97700086159,380.2614085106836,25.56,Central Pune,Grade B,Low,Shivajinagar,2222.4532924615023,89957,PMC_7,Shivajinagar,PMC,2189.6499690924397,1,64.80066080018878,1,0.0,45000.0,5000.0,57.69,Unknown,3785.136607654201,0.0006303359340926,1.0,0.9391429183078346,0.0109942060534098,0.1000430184979541,27628.807677822148,services,1.0002641214788655,89.957,27629.807677822148,2596050.0,44978.5
ChIJEeO5DObAwjsReLqyV5xnqHU,S K Health Club,18.549567,73.878697,4.5,77,90.0,1,10,Medium,40500,Low,2336,cell_2336,0.0021004484902857,18.55123258441366,73.87741726861361,3,0.0,21273.636744547504,101.94141389961672,25.56,East Pune,Grade B,Low,Sharamik vasahat yerawada,305.0920507225269,92232,PMC_16,Yerwada,PMC,59.11758616240695,1,343.7412741277367,1,537.2182208551094,45000.0,5000.0,57.69,Unknown,4065.050679555719,0.0006303359340926,0.650525726558022,0.7441908790433861,0.0321777930324352,0.2934501917207919,19305.596900349792,services,1.0002459388922593,92.232,19306.24742607635,2596050.0,23058.0
ChIJMUYqz5e_wjsR8NJQb-NlQ8c,Dynamix Fitness,18.5127383,73.8194668,4.2,40,84.0,1,10,Medium,37800,Low,1560,cell_1560,0.0004703862734694,18.51290455695171,73.81902677514584,5,0.0,34525.77208064326,0.0,28.75,Central Pune,Grade A,Low,Kothrud pune,1085.7576987173068,97187,PMC_4,Kothrud,PMC,1085.7576987173068,2,0.0,1,0.0,45000.0,5000.0,57.69,Unknown,4058.7057757526136,0.0006303359340926,1.0,2.0,0.0509232383105706,0.4664744791812439,34525.77208064326,services,2.000246323269527,97.187,34526.77208064326,2596050.0,16197.833333333334
ChIJnwGYmK7BwjsRTfSwqewdv60,Orient Combat Arts,18.525956,73.89529,4.6,35,92.0,1,10,Medium,41400,Low,2566,cell_2566,0.0002899911621511,18.52568152099306,73.89538357429602,8,0.0,19705.426715902664,1396.3852569271892,43.59,Central Pune,Grade A,High,Koregaon Park,984.9407301368192,79703,PMC_22,Koregaon Park,PMC,984.9407301368192,1,1034.2398031630803,1,39.574533158913255,45000.0,5000.0,57.69,Unknown,4120.650868687937,0.0006303359340926,0.9619319905436124,0.4915841281077481,0.0991289047495136,0.8918319342719865,8222.979447457594,services,1.000242621229177,79.703,8223.941379448137,2596050.0,8855.888888888889
ChIJ6Qe6GLnqwjsRrOPbOkaAd_Y,Integrative Medical,18.4824241,73.8543021,3.6,8,72.0,0,10,Low,32400,Low,2025,cell_2025,0.0009341828288871,18.483087931304407,73.85495938651064,12,0.0,34544.445818121014,0.0,20.02,South Pune,Grade B,Medium,Dhankawadi,2164.043895950548,76550,PMC_28,Parvati,PMC,385.2459627040662,1,0.0,1,640.9272753733029,45000.0,5000.0,57.69,Unknown,4152.970650592859,0.0006303359340926,0.6094115290834597,1.0,0.1547388781431334,1.386481802426343,34544.445818121014,services,1.0002407335256105,76.55,34545.0552296501,2596050.0,5888.461538461538
ChIJ_7_Wp72_wjsRi7UdxES14Js,Body Fuel Fitness Club,18.5116951,73.8161521,4.4,569,88.0,1,51,High,201960,Medium,1501,cell_1501,0.0020191968329777,18.51290455695171,73.81453519872525,1,0.0,24696.22973955404,13.394074447068451,28.75,Central Pune,Grade A,Low,Kothrud pune,646.5129068771998,97187,PMC_4,Kothrud,PMC,646.5129068771998,1,108.11985286232084,1,75.56075708868032,45000.0,5000.0,57.69,Unknown,4523.243758072887,0.0006303359340926,0.9297475697298518,0.9024294596085048,0.0101846476621141,0.0932948958362488,24369.818575294987,services,1.000221031415077,97.187,24370.748322864718,2596050.0,48593.5
ChIJZVIpOu-_wjsRQVbL1sACNA8,Evolvefitcircle,18.4938721,73.8252637,4.7,59,94.0,1,10,Medium,42300,Low,1615,cell_1615,0.0026507261423132,18.49586712078362,73.82351835156645,14,0.0,42760.824952903975,629.3739527400251,27.84,Central Pune,Grade B,High,Karve Nagar,661.7050490342081,91381,PMC_5,Karve Nagar,PMC,59.6299088800748,1,0.0,1,271.1162455873564,45000.0,5000.0,57.69,Unknown,4436.575164231462,0.0006303359340926,0.7867101089074043,1.0,0.1515463136359208,1.3809293654629566,26243.71457577037,services,1.0002253482956323,91.381,26244.501285879276,2596050.0,6092.066666666667
ChIJBaXOb73qwjsRfRACubvziK8,FM4 Therapy by Sourobh Kulkorni ( Fitness Master ),18.4817294,73.86721880000002,4.6,1013,92.0,1,95,High,393299,Medium,2202,cell_2202,0.0018227999702924,18.483087931304407,73.86843411577242,6,0.0,40488.02774557613,43.85271995221677,20.02,South Pune,Grade B,Medium,Dhankawadi,2745.6788780722004,76550,PMC_28,Parvati,PMC,1187.2679515270431,1,76.62927806330845,1,1088.5538978693762,45000.0,5000.0,57.69,Unknown,4329.489139199704,0.0006303359340926,0.4788001885037025,0.9288248242689882,0.0773694390715667,0.6932409012131715,38787.10757915111,services,1.0002309207962095,76.55,38787.58637933961,2596050.0,10935.714285714286
ChIJIxr0CgfBwjsRwb_Y_KeII4A,Chakra Fitness Community - Koregaon Park,18.5304202,73.900718,4.6,105,92.0,1,10,High,41400,Low,2626,cell_2626,0.000969897891428,18.529940296879264,73.89987515071661,2,0.0,30144.19362558572,1494.9651254416704,43.59,Central Pune,Grade A,High,Koregaon Park,525.9641331750407,79703,PMC_22,Koregaon Park,PMC,525.9641331750407,1,941.1403521189644,1,411.62190732732415,45000.0,5000.0,57.69,Unknown,4674.072683436143,0.0006303359340926,0.7084049877727789,0.5151611004883763,0.0247822261873784,0.2229579835679966,12082.01001216378,services,1.0002139004177504,79.703,12082.718417151553,2596050.0,26567.666666666668
